,descr,netname
140,Bundesnotarkammer|,BNOTK-NET
141,TSI fuer Deutsche Bundesbank|,DEUTSCHE-BUNDESBANK-MUENCHEN-NET
142,TSI fuer Deutsche Bundesbank|,BUNDESBANK-DUESSELDORF-NET
143,TSI fuer Deutsche Bundesbank|,BUNDESBANK-LEIPZIG-NET
144,TSI fuer Deutsche Bundesbank|,DEUTSCHE-BUNDESBANK-HAMBURG-NET
145,TSI fuer Deutsche Bundesbank|,BUNDESBANK-MAINZ-NET
146,TSI fuer Deutsche Bundesbank|,DEUTSCHE-BUNDESBANK-STUTTGART-NET
147,TSI fuer Deutsche Bundesbank|,BUNDESBANK-BERLIN-NET
148,SVG Bundes-Zentralgenos. Strassenverkehr eG|,SVG-STRASSENVERKEHR-MANNHEIM-NET
149,Verbraucherzentrale Bundesverband e.V. Energieberatung|,VERBRAUCHERZENTRALE-BUNDESVERBAND-EV-ENERGIEBERATUNG
154,Bundesarbeitgeberverband Chemie e.V.|,BUNDESARBEITGEBERVERBANDCHEMIE-WIESBADEN-NET
158,Bundesanzeiger Verlagsgesellschaft mbH                Amsterdamer Str. 192                D-50735 Koeln|,DE-BANZ
160,IVU Traffic Technologies AG|Bundesallee 88|12161 Berlin|,DE-HE-V6-SYSTEMS-NET
163,Bundesverband der Deutschen Giesserei-Industrie (BDG)|,BUNDESVERBAND-DER-DEUTSCHEN-GIESSEREI-DUESSELDORF-NET
164,Gemeinsamer Bundesausschuss nach  91 SGB V|,GEMEINSAMER-BUNDESAUSSCHUSS-BERLIN-NET
166,TSI fuer Deutsche Bundesbank|,BUNDESBANK-FACHHOCHSCHULE-HACHENBURG-NET
167,Bundesverband Freier Radios e.V.|,BUNDESVERBAND-FREIER-RADIOS-EV
172,Österreichischer Bundesverlag Schulbuch GmbH & Co.KG|,OESTERREICHISCHER-BUNDESVERLAG-SCHULBUCH-GMBH-UND-COKG
181,Volleyball Bundesliga GmbH|,VOLLEYBALL-BUNDESLIGA-BERLIN-NET
188,Österreichischer Bundesverlag Schulbuch GmbH & Co.KG|,OESTERREICHISCHER-BUNDESVERLAG-SCHULBUCH-GMBH-UND-COKG
189,Bildungszentrum der Bundesfinanzverwaltung Muenster|,BILDUNGSZENTRUM-DER-BUNDESFINANZVERWALTUNG-MUENSTER-NET
192,TSI fuer Deutsche Bundesbank|,DEUTSCHE-BUNDESBANK-HANNOVER-NET
195,TSI fuer Deutsche Bundesbank|,DEUTSCHE-BUNDESBANK-WIESBADEN-NET
196,TSI fuer Deutsche Bundesbank|,BUNDESBANK-FACHHOCHSCHULE-HACHENBURG-NET
198,TSI fuer Deutsche Bundesbank|,E-SHELTER-FRANKFURT-NET
202,Bundesvereinigung Kulturelle Kinder- u. Jugendbildung e.V.|,BV-KULTURELLE-KINDER-U-JUGENDBILDUNG-REMSCHEID-NET
204,Gemeinsamer Bundesausschuss nach  91 SGB V|,GEMEINSAMER-BUNDESAUSSCHUSS-BERLIN-NET4
208,Org-02|,Org-02
219,REFA Bundesverband|,REFA-BUNDESVERBAND-DORTMUND-NET
220,Verbraucherzentrale Bundesverband e.V. Energieprojekte|,VERBRAUCHERZENTRALE-BUNDESVERBAND-EV-ENERGIEPROJEKTE
233,Bundesverband der Energie- Abnehmer|,BUNDESVERBAND-DER-ENERGIE-ABNEHMER-HANNOVER-NET
236,Verbraucherzentrale Bundesverband e.V. Energieprojekte|,VERBRAUCHERZENTRALE-BUNDESVERBAND-EV-ENERGIEPROJEKTE
239,TSI fuer VBL Versorgungs anstalt d. Bundes u. d. Laender|,VBL-KARLSRUHE-NET
250,Verbraucherzentrale Bundesverband e.V. Energieberatung|,VERBRAUCHERZENTRALE-BUNDESVERBAND-EV-ENERGIEBERATUNG
278,"BVMW-Bundesverband mittelstaendische Wirtschaft,|",BVMW-BERLIN-NET
284,TSI fuer Grenzschutzpraesidium Nord|,BUNDESPOLIZEIDIREKTION-BAD-BRAMSTEDT-NET
290,TSI fuer DuMont Systems GmbH &CO KG|,BUNDESANZEIGER-VERLAG-KOELN-NET
307,Org-01|,Org-01
321,TSI fuer Deutsche Bundesbank|,BUNDESBANK-ZENTRALE-FRANKFURT-NET
330,Bundesweite Intensiv-Pflege-Ges. mbH|,BIPG-HANNOVER-NET
346,Rote Raben BundesligabetriebsGmbH|,ROTE-RABEN-BUNDESLIGABETRIEB-VILSBIBURG-NET
363,Kneipp Bund e.V. Bundesver- band fuer Gesundheitsfoerderung|,KNEIPP-BUND-BAD-WOERISHOFEN-NET
366,Bundesarbeitsgemeinschaft fuerRehabilitation e.V.|,BAR-FRANKFURT-NET
368,Telekom Deutschland GmbH CO Bereich BV|,BUNDESSTADT-HOTSPOT-BONN-NET
370,Deutscher Bundesverband fuer Logopaedie e.V.|,DEUTSCHER-BUNDESVERBAND-FUER-LOGOPAEDIE-FRECHEN-NET
375,Bundesautobahn Tankstelle Weber|,RASTSTAETTE-WEST-HOCKENHEIM-NET
376,TSI fuer Union KIT GmbH|,VER-DI-BUNDESVERWALTUNG-BERLIN-NET
378,BDEW Bundesverband der Energie- und Wasserwirtschaft e.V.|,BDEW-BERLIN-NET
385,Bundesautobahn Tankstelle Weber|,ARAL-TANKSTELLE-HOCKENHEIM-NET
392,TSI fuer BDH Bundesverband Rehabilitation e.V.|,BDH-KLINIKEN-BRAUNFELS-NET
396,Bundesverein der dt Ernaehrungsindustrie|,BUNDESVEREIN-DER-DT-ERNAEHRUNGSINDUSTRIE-BERLIN-NET
397,FDP-Bundesgeschaeftsstelle|,TEMP-TO-20180107-STAATSTHEATER-STUTTGART-NET
399,Bundesverband Deutscher Fertigbau|,BUNDESVERBAND-DEUTSCHER-FERTIGBAU-BADHONNEF-NET
401,FDP-Bundesgeschaeftsstelle|,STATION-BERLIN-NET
402,FDP-Bundesgeschaeftsstelle|,TEMP-TO-20180513-STATION-BERLIN-NET2
403,pro familia - Bundesverband|,PRO-FAMILIA-BUNDESVERBAND
405,Bundeskanzler-Willy-Brandt-Stiftung|Königstr. 21|D-23552 Lübeck|Germany|,BKWBS-NET
419,Aktiva Immobilien im Breisgau GmbH|Alte Bundesstr. 15|D-79194 Gundelfingen|Germany|,AKTIVAIM-NET
423,Bundesverband Neue Energiewirtschaft e.V.|,QSC-CUSTOMER-582685-308001
425,"Joh. K. Sauer Insovenzverwalter Gueterkraftverkehruntern. d. Bundesbahn e.G|Sprendlinger Landstr.  175, 63069 Offenbach|",K-SAUER-NET
426,DLRG e.V.|Bundeszentrum|Im Niedernfeld 2|31542 Bad Nenndorf|,TAL-ADSL-DLRG-A
427,DLRG e.V.|Bundeszentrum|Im Niedernfeld 2|31542 Bad Nenndorf|,TAL-ADSL-DLRG-A
431,Bundesvereinigung e.V.|Schlachte 31|D-28195 Bremen|,BUNDESVEREINIGUNG-EV-NET
435,Bundesnotarkammer|Mohrenstrasse 34|D-10117 Berlin|,BNOTK-NET
437,Bundesknappschaft|,BUNDESKNAPPSCHAFT-BOCHUM-NET
438,Bundesverband Digitale Wirtschaft (BVDW)|,QSC-CUSTOMER-673678-873723
439,Bundesverband Praktiezierender Tieraerzt e.V.|,QSC-CUSTOMER-573423-372222
440,Kinder- und Jugendtheaterzentrum  in der Bundesrepublik Deutschland ASSITEJ e.V.|Schuetzenstrasse 12|60311|Frankfurt|,KJTZ-FRANKFURT-NET
441,Bundesinnungsverband fuer Orthopaedie-Technik|Reinoldistrasse 7 -9|44135 Dortmund|,VT-CUSTOMER-W-6470336
442,Bundesvereinigung Kulturelle Jugendbildung e.V.|Kueppelstein 34|42857 Remscheid|,VT-CUSTOMER-W-6508821
460,BVI - Bundesverband|Deutscher Investment-Gesellschaften e.V.|Eschenheimer Anlage 28|D-60318 Frankfurt|Germany|,BVI-NET
462,BVI - Bundesverband|Deutscher Investment-Gesellschaften e.V.|Eschenheimer Anlage 28|D-60318 Frankfurt|Germany|,BVI-NET
465,Fachhochschule des Bundes|fuer oeffentliche Verwaltung|Willy-Brandt-Str. 1|D-50321 Bruehl|,FHBUND
466,"Bundes-Verlag GmbH|Bodenborn 43, 58452 Witten|Remote connection to SAP|",SAP-BV-SR-DE
470,"Deutsche Bundesbank Hauptverwaltung Düsseldorf|Berliner Allee 14, 40212 Duesseldorf|Remote connection to SAP|",SAP-DBK-SR-DE
471,Bundesverband Spedition und Logistik e.V.|Weberstr. 77|D-53113 Bonn|,TENOVIS-KOeLN-NET
477,GE Graesslin GmbH & Co. KG|Bundesstr. 36|D-78112 St. Georgen|,graesslin
487,"Deutsche Bundesbank Hauptverwaltung Düsseldorf|Berliner Allee 14, 40212 Duesseldorf|Remote connection to SAP|",SAP-DBK-I22-DE
490,Bundesverband der Deutschen Zementindustrie|Pferdmengestrasse 7|D-50968 Koeln|Germany|,BDZ
503,Kinder- und Jugendtheaterzentrum in der Bundesrepublik Deutschland|Schuetzenstr. 12|D-60311 Frankfurt /Main|,KJTZ
517,Konzept Steuerberatungs GmbH|Bundesallee 220|D-10719 Berlin|,KONZEPT-BERLIN-NET
548,Bundesbahn-Wohnungsbaugesellschaft Regensburg mbH|Luitpoldstr. 14|93047|Regensburg|,BUNDESBAHN-WOHNUNGSBAUGESELLSCHAFT-REGENSBURG-NET
549,VZBV Verbraucherzentrale  Bundesverband e.V. Hr M.Krumm|Markgrafenstr 66|10969|Berlin|,VZBV-BERLIN-NET
550,Bundesverband der Deutschen Volksbanken (BVR) und Raiffeisenbanken|Schellingstr. 4|10785|Berlin|,BVR-BERLIN-NET
552,BVI - Bundesverband|Deutscher Investment-Gesellschaften e.V.|Eschenheimer Anlage 28|D-60318 Frankfurt|Germany|,BVI-NET
555,Arbeiterwohlfahrt Bundesverband e.V.|,AWO-NET
557,Kulturstiftung des Bundes|Halle/Saale|,KULTURSTIFTUNG-DES-BUNDES-NET
558,BUNDESVERBAND DEUTSCHER BANKEN E.V.|,NET-DE-BUNDESVERBAND-DEUTSCHER-BANKEN-EV
560,Bundesfachverband der Arzneimittel-Hersteller e.V.|,BAH-NET
561,Deutsche Bundespost Telecom|D-W-6100 Darmstadt|,TELEKOM-DA2
564,Kunst- und Ausstellungshalle|der Bundesrepublik Deutschland|Bonn|Germany|,BUNDESKUNSTHALLE
565,"Bundeskanzler Willy Brandt-Stiftung|John F. Kennedy-Platz, 10825 Berlin|",WILLY-BRANDT-NET
593,DLRG e.V.|Bundeszentrum|Im Niedernfeld 2|31542 Bad Nenndorf|,TAL-ADSL-DLRG-A
594,TSI fuer Bundesa. fuer Post- u. Telek.|,SOMMER-SONNE-STRAND
595,Service-Bund GmbH & Co.KG Bundeszentrale|Friedhofsallee 126|23554|Luebeck|,SERVICE-BUND-LUeBECK-NET
596,Bundesverband der Deutschen Volksbanken (BVR) und Raiffeisenbanken|Schellingstr. 4|10785|Berlin|,BVR-BERLIN-VOIP-NET
598,AOK Bundesverband|Remote connection to SAP|,SAP-AOKBVB-SR-DE
599,Deutsche Bundespost Telecom|D-W-6100 Darmstadt|,TELEKOM-DA4
600,Deutsche Bundespost Telecom|D-W-6100 Darmstadt|,TELEKOM-DA8
603,"Zentrales Knochenspender-Register fuer die|Bundesrepublik Deutschland GmbH, Ulm|",ZKRD
609,"Bundeswertpapierverwaltung|Bahnhofstrasse 16-18, 61352 Bad Homburg|Remote connection to SAP|",SAP-BWV-I19-DE
613,AOK Bundesverband|Remote connection to SAP|,SAP-AOKBVB01
615,Schulen der Bundesstadt Bonn|,SCHULEN-BONN
617,Bundesstadt Bonn|Remote connection to SAP|,SAP-BUBO-SR-DE
626,Deutsche Bundespost Telecom|D-W-6100 Darmstadt|,TELEKOM-DA5
628,Deutsche Bundespost Telecom|D-W-6100 Darmstadt|,TELEKOM-DA3
629,Deutsche Bundespost Telecom|D-W-6100 Darmstadt|,TELEKOM-DA7
633,BUNDESSTELLE DER KJG E V|,NET-DE-BUNDESSTELLE-DER-KJG-E-V
638,Bildungszentrum Elstal des Bundes|Evangelisch-Freikirchlicher Gemeinden in Deutschland|,CW-DE-ELSTAL-NET
643,Schulen der Bundesstadt Bonn|,SCHULEN-BONN
659,Bundesverwaltung fuer Verkehr- Bau und Wohnungswesen|Robert-Schuman-Platz 1|53175 Bonn|,BVVBW-WAN
661,KATHOLISCHE FRAUENGEMEINSCHAFT DEUTSCHLANDS BUNDESVERBAND EV|,NET-DE-KATHOLISCHE-FRAUENGEMEINSCHAFT
662,ZID der Bundesfinanzverwaltung|,ZID-DER-BUNDESFINANZVERWALTUNG-FRANKFURT-NET
664,Kulturveranstaltungen des Bundes in Berlin GmbH|Schoeneberger Str. 15|10963|Berlin|,KBB-BERLIN-NET
665,TSI fuer ZID|,ZID-DER-BUNDESFINANZVERWALTUNG-FRANKFURT-NET
668,Bundesverb. Deut. Tabakwareng. u. Automatena. e.V.|,QSC-CUSTOMER-508973-79954
671,SVG BUNDESZENTRALGENOSSENSCHAFT STRASSENVERKEHR EG|,NET-DE-SVG-BUNDESZENTRALGENOSSENSCHAFT
677,SVG Bundes-Zentralgenossenschaft|,SVG-FRANKFURT-NET
691,VZBV Verbraucherzentrale  Bundesverband e.V. Hr M.Krumm|Markgrafenstr 66|10969|Berlin|,VZBV-BERLIN-TNET
696,Kassenaerztliche Bundesvereinigung|Universitaetsstr. 73|D-50931 Koeln|,KASSENAERZTE-1
697,Bundesverband der Deutschen Zementindustrie|Pferdmengestrasse 7|D-50968 Koeln|Germany|,KOELN
698,Bundesknappschaft|,BUNDESKNAPPSCHAFT-BOCHUM-NET
709,"Bundesknappschaft Bochum|Koenigsallee 175, 44799 Bochum|Remote connection to SAP|",SAP-BUKS-SR-DE
710,"Bundesknappschaft Bochum|Koenigsallee 175, 44799 Bochum|Remote connection to SAP|",SAP-BUKS-I21-DE
711,Bundesrepublik Deutschland Finanzagentur GmbH|Lurgiallee 5|D-60295 Frankfurt|,FINANZAGENTUR-LAN
712,Bundesschuldenverwaltung|Bahnhofstr. 16-18|61352 Bad Homburg|,BUND
713,Bundesverband der landw. Krankenkassen|Weissensteinstr. 72|D-34131 Kassel|,BLSV-LAN
714,Bundeszentrale fuer politische Bildung|Berliner Freiheit 7|53111 Bonn|,BPB
716,Bundesverband der deutschen Gas- und Wasserwirtschaft e.V.|Josef-Wirmer-Str. 1|D-53123 Bonn|Germany|,BGW
717,Bundesverband des deutschen Gross-u. Aussenhandels (BGA) e.V.|Bonner Talweg 57|D-53113 Bonn|Germany|,BGA-LAN
718,DGB Bundesvorstand|Hans-Boeckler-Str. 39|D-40476 Duesseldorf|Germany|,DGB-BVV
722,SVG|,SVG-BUNDESZENTRALGENOSSENSCHAFT-STRASSENV-FRANKFURT-NET
726,Bundeszentrale fuer politische Bildung|Adenauerallee 86|53113 Bonn|,VT-CUSTOMER-B-6617596
739,Slowfood Deutschland e.V. Bundespressehaus|,QSC-CUSTOMER-6055588-896521
816,Web-/Mailserver|,Bundesarchitektenkammer-eV
838,Kassenaerztliche Bundesvereinigung|,KBV-NET
839,Bundesnotarkammer|Mohrenstrasse 34|D-10117 Berlin|,BNOTK-NET
841,VT Internet DSL|,DE-Kassenzahnaerztl_Bundesvereinigung_1739909
843,Bundesverband Deutscher Leasing-Unternehmen e.V.|,QSC-CUSTOMER-5916927-924891
844,TSBS GmbH fuer VBL Versorgungsanstalt d. Bundes u. d. Laender|,VERSORGUNGSANSTALT-DES-BUNDES-DER-LAENDER-NET2
845,Bundesverband Wndenergie e.V.|,QSC-CUSTOMER-5961061-672505
846,AOK BUNDESVERBAND|,NET-DE-AOK
855,TSI fuer Deutsche Bundesbank|,E-SHELTER-FRANKFURT-NET
857,This space is statically assigned|Bundesverband der Deutschen Volksbanken und Raifeisenbanken e.V.|Schellingstrasse 4|10785 Berlin|,BVR-NET
858,Bundesverband der Deutschen Volksbanken (BVR)|,QSC-CUSTOMER-5402154-811824
859,Bundespolizei Flughafen Koeln/Bonn Hr. Krauth|,QSC-CUSTOMER-5917498-758138
860,Bundesverb. Gueterkraftverkehrund Logistik BGL e.V.|,BUNDESVERB-GUETERKRAFTVERK-FRANKFURT-NET
862,Horse Media Solutions GmbH Bundeschampionat Warendorf|temporaery from 20100901 to 20100905|,TEMP-HORSE-MEDIA-SOLUTIONS-WARENDORF-NET3
863,Horse Media Solutions GmbH Bundeschampionat Warendorf|temporaery from 20100901 to 20100905|,TEMP-HORSE-MEDIA-SOLUTIONS-WARENDORF-NET8
864,pro familia - Bundesverband|,PRO-FAMILIA-BUNDESVERBAND
866,Bundeszahnaerztekammer|,QSC-CUSTOMER-2290907-826958
869,Bundesverband der Deutschen Volksbanken (BVR)|,QSC-CUSTOMER-5402154-811824
871,Bundesverband der Deutschen Giesserei-Industrie (BDG)|,BUNDESVERBAND-DER-DEUTSCHEN-GIESSEREI-DUESSELDORF-NET
872,BKK Bundesverband GBR.|Kronprinzenstr. 6|D-45128 Essen|GERMANY|,bkkbund-NET
874,Bundesverband der Deutschen Luft- und Raumfahrtindustrie|Friedrichstr. 60|D-10117 Berlin|GERMANY|,BUNDERDE-NET
879,Bundesverband deutscher Banken e. V.|,QSC-CUSTOMER-2392119-770763
880,Bundesverband deutscher Banken e. V.|,QSC-CUSTOMER-2392119-770715
881,Bundesverband deutscher Banken e. V.|,QSC-CUSTOMER-2392119-770910
882,Bundesverband deutscher Banken e. V.|,QSC-CUSTOMER-2392119-770681
883,Bundesverband deutscher Banken e. V.|,QSC-CUSTOMER-2392119-770697
884,Bundesverband deutscher Banken e. V.|,QSC-CUSTOMER-2392119-770756
885,Bundesarbeitsgemeinschaft Hilfe f. Behinderte e.V.|,QSC-CUSTOMER-5853694-774518
887,Bundeslotsenkammer KdoeR|,LOTSBETRIEBSVEREIN-AUSSENSTELLE-KIEL-NET
888,TSI fuer Deutsche Bundesbank|,BUBA-BACKUP-IN-NET6
889,TSI fuer Deutsche Bundesbank|,BUBA-BACKUP-IN-NET12
890,TSI fuer Deutsche Bundesbank|,BUBA-BACKUP-IN-3-NET
891,TSI fuer Deutsche Bundesbank|,BUBA-BACKUP-IN-NET5
892,TSI fuer Deutsche Bundesbank|,BUBA-BACKUP-IN-NET7
893,TSI fuer Deutsche Bundesbank|,BUBA-BACKUP-IN-NET8
894,TSI fuer Deutsche Bundesbank|,BUBA-BACKUP-IN-NET10
895,Bundesnotarkammer|Mohrenstrasse 34|D-10117 Berlin|,BNOTK-NET
896,BundesInnungskrankenkasse Gesundheit vCloud Net1|,BIG-NET1
901,Bundesautobahn Tankstelle Weber|,ARAL-TANKSTELLE-HOCKENHEIM-NET
908,VERBRAUCHERZENTRALE BUNDESVERBAND (VZBV)|,VEBU0-NETS
909,VERBRAUCHERZENTRALE BUNDESVERBAND (VZBV)|,VEBU0-NETS
910,VERBRAUCHERZENTRALE BUNDESVERBAND (VZBV)|,VEBU0-NETS
911,Bundesverb. Guterkraftverkehr Logistik und Ents. BGL e.V.|,BUNDESVERB-GUTERKRAFTVERK-FRANKFURT-NET
912,Bundesverband privater Anbieter sozialer Dienste e. V.|Friedrichstrasse 148|10117 Berlin|,BPA
913,Bundesverband mittelstaendischeWirtschaft|,BUNDESVERBAND-MITTELSTAENDISCHEWIRTSCHAFT-BERLIN-NET
924,Bundesverband Deutscher Pathologen e.V.|,QSC-CUSTOMER-6019937-864135
926,BQS Bundesgeschaeftsstelle Qualitaetssicherung gGmbH|Kanzlerstrasse 4|40472|Duesseldorf|,BQS-DUeSSELDORF-NET
927,AOK BUNDESVERBAND|,NET-DE-AOK
928,Bundesverband der Freien Berufe BFB|,QSC-CUSTOMER-5355252-777206
929,KULTURVERANSTALTUNGEN DES BUNDES IN BERLIN GMBH|,NET-DE-KULTURVERANSTALTUNGEN-DES-BUNDES-IN-BERLIN
930,AOK-BUNDESVERBAND|,DE-COLT-MNT
931,Kronenwett GmbH|An der Bundesstr. 3|D-76461 Muggensturm|,TXX-KRONEWETT1-KA
932,Neue Osnabruecker Zeitung GmbH& Co. KG|,NOZ-HAUS-DER-BUNDESPRESSEKONFERENZ-BERLIN-NET
933,Bundesvereinigung der Arbeitgeberverbaende|Breite Str. 29|10178 Berlin|,VT-CUSTOMER-O-1775288
934,Jail Rider|Bundestreffen 2012|D-94363 Reissing|,JAIL-RIDER-EVENT-NET
937,Bundesverband deutscher Banken e. V.|,QSC-CUSTOMER-2392119-770772
939,Bundesverband deutscher Banken e. V.|,QSC-CUSTOMER-2392119-770751
940,Bundesverband deutscher Banken e. V.|,QSC-CUSTOMER-2392119-770809
941,Bundesverband deutscher Banken e. V.|,QSC-CUSTOMER-2392119-770735
942,Bundesverband deutscher Banken e. V.|,QSC-CUSTOMER-2392119-770775
943,Bundesverband deutscher Banken e. V.|,QSC-CUSTOMER-2392119-770689
945,Bundesverband deutscher Banken e. V.|,QSC-CUSTOMER-2392119-770741
949,Bundesverband der Deutschen Giesserei-Industrie (BDG)|,BUNDESVERBAND-DER-DEUTSCHEN-GIESSEREI-DUESSELDORF-NET
950,TSI fuer Deutsche Bundesbank|,BUNDESBANK-FACHHOCHSCHULE-HACHENBURG-NET
952,Bundesnotarkammer IT-Plattform|,BNOTK-ITP
954,NH Berlin City West|Bundesallee 36|D-10717 Berlin|GERMANY|,HOSPITA-NET
955,BRD - Bundesfinanzverwaltung vertreten durch BFD Suedost|,HAUPTZOLLAMT-REGENSBURG-NET
956,BRD - Bundesfinanzverwaltung vertreten durch BFD Suedost|,HZAR-BFINVMT-REGENSBURG-NET
959,VT Internet DSL|,DE-Kassenaerztliche-Bundesvereinigung01
960,Bundesaerztekammer|,BUNDESAERZTEKAMMER-BERLIN-NET
963,BSI Bundesverband der Deutsche Spirituosen-Ind.|,QSC-CUSTOMER-2260010-519540
964,BSI Bundesverband der Deutsche Spirituosen-Ind|,QSC-CUSTOMER-33195-519504
967,Bundesverband Pharmazeut. Industrie eV|Friedrichstr. 148|10117 Berlin|,BPI-2-NET
971,Bundesverband Information und Beratung fuer|,QSC-CUSTOMER-6270091-865960
972,Verbraucherzentrale Bundesverband e.V. Energieprojekte|,VERBRAUCHERZENTRALE-BUNDESVERBAND-EV-ENERGIEPROJEKTE
974,Deutscher Kinderschutzbund Bundesverband e.V.|,DKSB-BERLIN-NET
976,Bundesweite Intensiv-Pflege-Ges. mbH|,BIP-HANNOVER-NET
980,Bundesanzeiger im Haus Dumont Schauberg|Amsterdammer Str. 192|D-50735 Koeln|,BUNDESANZEIGER-1
983,REFA  Bundesverband e.V.|Darmstadt|,REFA-NET1
984,iGZ-Bundesgeschaeftsstelle|,QSC-CUSTOMER-6752371-987028
986,Horse Media Solutions GmbH Bundeschampionat Warendorf|temporaery from 20100901 to 20100905|,TEMP-HORSE-MEDIA-SOLUTIONS-WARENDORF-NET2
987,Horse Media Solutions GmbH Bundeschampionat Warendorf|temporaery from 20100901 to 20100905|,TEMP-HORSE-MEDIA-SOLUTIONS-WARENDORF-NET5
989,radio NRW GmbH im Bundespressehaus|,DE-RNRW-BPRESSE-NET
990,"Bundesverband Oeffentl.Banken Deutschlands VOeB,e.V|",BUNDESVERBAND-OEFFENTL-BANKEN-DEUTSCHLANDS-NET
991,bytech consult GbR|Stefan Drews & Carsten Dohl|Bundesallee 70|12161 Berlin|,DNSNET-BYTECH-NET1
992,DEUTSCHE TELEKOM AG|,DTAG-WAN-BUNDESVERBAND-OEFFENTL-BANKEN-DEUTSCHLANDS-NET
993,Bundesverband pharmaz.-techn. Assistenten e.V.|Bismarckstrasse|66121 Saarbruecken|,VT-CUSTOMER-W-6509925
997,Bundesakademie fuer Kirche und Diakonie gGmbH|Heinrich-Mann-Strasse 29|13156 Berlin|,VT-CUSTOMER-O-1710749
1001,DFL Digital Sports GmbH|http://www.bundesliga.de|,DFL-NET2
1004,Bundesarbeitsgemeinschaft fuerRehabilitation e.V.|,BAR-FRANKFURT-NET
1008,Gemeinsamer Bundesausschuss|Wegelystr. 8|D-10623 Berlin|GERMANY|,GBAUSS-NET
1010,Gemeinsamer Bundesausschuss|Wegelystr. 8|D-10623 Berlin|GERMANY|,GBAUSS-NET
1012,KASSENAERZTLICHE BUNDESVEREINIGUNG|,NET-DE-KASSENAERZTLICHE-BUNDESVEREINIGUNG
1014,Bundesverband der Energie Abnehmer e.V.|,QSC-CUSTOMER-5811005-609347
1016,Bundesvereinigung der dt. Ernaehrungsindustrie e.V.|,QSC-CUSTOMER-5822234-612559
1017,Horse Media Solutions GmbH Bundeschampionat Warendorf|temporaery from 20100901 to 20100905|,TEMP-HORSE-MEDIA-SOLUTIONS-WARENDORF-NET4
1019,Horse Media Solutions GmbH Bundeschampionat Warendorf|temporaery from 20100901 to 20100905|,TEMP-HORSE-MEDIA-SOLUTIONS-WARENDORF-NET6
1021,Bundesverband Pharmazeut. Industrie eV|Robert-Koch-Platz 4|10115 Berlin|,BPI-NET
1024,Bundesnotarkammer|Mohrenstrasse 34|D-10117 Berlin|,BNOTK-NET
1030,Johanniter-Unfall-Hilfe e.V. Bundesgeschäftstelle|Luetzowstr. 94|10785 Berlin|Germany|,JOHAEV-NET
1033,KASSENAERZTLICHE BUNDESVEREINIGUNG|,NET-DE-KASSENAERZTLICHE-BUNDESVEREINIGUNG
1036,BDH Bundesverband Rehabilitation|,QSC-CUSTOMER-2559771-904847
1038,Gemeinsamer Bundesausschuss nach  91 SGB V|,GEMEINSAMER-BUNDESAUSSCHUSS-BERLIN-NET2
1048,Bundesverband Deutscher Inkasso-Unternehmen e.V.|Friedrichstr. 50-55|10117|Berlin|,BVDI-BERLIN-NET
1049,Dt. Bundesbank Dienstgeb. Leopoldstr.|,QSC-CUSTOMER-4973979-535130
1051,BREKO Bundesverband Breitbandkommunikation e.V.|Reuterstr. 159|53113 Bonn|,BREKO-NET
1052,Deutsche Bundesgartenschau GmbH|Duerenstr. 44|D-53173 Bonn|GERMANY|,DEUBUNGM-NET
1054,Johann Heinrich von Thuenen Institut|Bundesallee 50|38116 Braunschweig|,BCC-THUENEN-NET
1056,Deutscher Speditions- und Logisitkverband e.V.|,BUNDESVERBAND-SPEDITION-UND-LOGISTIK-BONN-NET
1061,VT Internet|,DE-vhw-Bundesverband-f-Wohnen-Stadtentwicklung-1752059
1062,DEUTSCHE TELEKOM AG|,DTAG-WAN-BUNDESVEREINIGUNG-LEBENSHILFEE
1069,Dt. Bundesbank Dienstgeb. Ludwigstr.|,QSC-CUSTOMER-4973979-535149
1070,"Dt. Bundesbank Zentr., K 1-31|",QSC-CUSTOMER-4973979-535154
1071,Dt. Bundesbank Dienstgeb. Leopoldstr.|,QSC-CUSTOMER-4973979-535130
1079,Rote Raben BundesligabetriebsGmbH|,ROTE-RABEN-VILSBIBURG-NET
1080,Bundesaerztekammer|,TFG-DMZ
1081,Bundesnotarkammer|Mohrenstrasse 34|D-10117 Berlin|,BNOTK-NET
1085,Joh.Heinr. von Thuenen-InstitutBundesforschungsinst.f. Laendl.|,THUENEN-INSTITUT-F-FISCHEREIOEKOLOGIE-AHRENSBURG-NET
1087,TSI fuer Deutsche Bundesbank|,E-SHELTER-FRANKFURT-NET2
1090,AWO Bundesverband e.V.|D-10961 Berlin|Germany|,AWO-BUND-NET
1091,Bundesverband Erneuerbare Energie e.V. (BEE)|,QSC-CUSTOMER-6052853-854759
1092,Bundeszahnaerztekammer|,QSC-CUSTOMER-2290907-798992
1093,"J.H.v.Thuenen-Inst.Bundesforschungsinst.f.laendl.Raeume,Wald,Fischerei u.IT|",QSC-CUSTOMER-6043081-794962
1094,Impuls Finanzmanagement AG|Bundesallee 39-40a|D-10717 Berlin|GERMANY|,IFM-NET
1095,Bundesverband Erneuerbare Energie e.V. (BEE)|,QSC-CUSTOMER-6052853-854759
1096,KULTURVERANSTALTUNGEN DES BUNDES IN BERLIN GMBH|,NET-DE-KULTURVERANSTALTUNGEN-DES-BUNDES-IN-BERLIN
1097,TSI fuer Deutsche Bundesbank|,BUBA-BACKUP-IN-NET
1101,TSI fuer Deutsche Bundesbank|,BUBA-BACKUP-IN-NET20
1102,TSI fuer Deutsche Bundesbank|,CSO-HANNOVER-HANNOVER-NET
1103,Bundesanzeiger Verlagsgesellschaft mbH|Amsterdamer Str. 192|D-50735 Koeln|,DE-BANZ-TEST1
1104,TSI fuer Deutsche Bundesbank|,BUBA-BACKUP-IN-NET15
1111,Kulturstiftung des Bundes|,HL-KULTURSTIFT
1112,IT-Innerebner GmbH|Bundesstraße 27|A - 6063 Innsbruck/Neu Rum|,IT-Innerebner_GmbH-IPv4-net
1117,HC Leipzig Bundesliga GmbH|,HL-HCL
1118,Joh.Heinr. von Thuenen-InstitutBundesforschungsinst.f. Laendl.|,JOH-HEINR-VON-THUENEN-INSTITUT
1119,TSI fuer Deutsche Bundesbank|,BUBA-BACKUP-IN-NET13
1120,This space is statically assigned|AWO Bundesverband e.V.|Bluecherstr. 62-63|10961 Berlin|,AWO-BUND-NET
1122,TSI fuer Deutsche Bundesbank|,BUBA-BACKUP-IN-NET19
1129,Freizeit-Einrichtungen GmbH & Co. KG|Bundesstr. 107|20144 Hamburg|,FREIZEIT-EINRICHTUNG-NET
1131,Bundesverband privater Anbieter soz. D. e.V.|Friedrichstr. 148|10117 Berlin|,BUNDPRIVANBIETER-NET
1140,Bildungszentrum der Bundesfinanzverwaltung Muenster|,BWZ-VIT-MUENSTER-NET
1155,Deutsche Telekom AG Projekt Hotspot Inside WLAN|,DTAG-PROJEKT-HOTSPOT-BUNDESPRESSEKONFERENZ-BERLIN-NET
1161,Gemeinsamer Bundesausschuss nach  91 SGB V|,GEMEINSAMER-BUNDESAUSSCHUSS-BERLIN-NET3
1163,Bundesverband Information und Beratung fuer|,QSC-CUSTOMER-6270091-865960
1164,GdW Bundesverband deutscher Wohnungsunternehmen e.V.|,GDW-GESAMTVERBAND-DER-WOHNUNGSWIRTSCHAFT-BERLIN-NET
1169,DEUTSCHE TELEKOM AG|,DTAG-WAN-BUNDESVEREINIGUNG-LEBENSHILFE
1179,ARBEITSGEMEINSCHAFT DER EVANG. JUGEND IN DER BUNDESREPUBLIK DEUTSCHLAND E.V. ( AEJ)|,NET-DE-AEJ-ARBEITSGEMEINSCHAFT
1180,Haehnel-EDV i. Hause d. Bundeszahnaerztekammer|,QSC-CUSTOMER-5778334-897392
1181,REFA Bundesverband|,REFA-BUNDESVERBAND-DORTMUND-NET
1204,TSI fuer Deutsche Bundesbank|,BUBA-BACKUP-IN-NET9
1206,TSI fuer Deutsche Bundesbank|,BUBA-BACKUP-IN-NET11
1216,Bundesverband Deutscher Volks- und Betriebswirte e.V.|,BDVB-20110109
1217,pro familia - Bundesverband|,PRO-FAMILIA-BUNDESVERBAND
1223,KULTURVERANSTALTUNGEN DES BUNDES IN BERLIN GMBH|,NET-DE-KULTURVERANSTALTUNGEN-DES-BUNDES-IN-BERLIN-GMBH
1230,Bundesverband Audiovisuelle Medien e.V.|,QSC-CUSTOMER-5936943-955523
1231,BUNDESVERBAND DER DEUTSCHEN LUFTVERKEHRSWIRTSCHAFT E.V.|,NET-DE-BUNDESVERBAND-DER-DEUTSCHEN-LUFTVERKEHRSWIRTSCHAFT-EV
1232,AOK BUNDESVERBAND|,NET-DE-AOK
1236,Bundesverband Deutscher Pathologen e.V.|,QSC-CUSTOMER-6019937-864135
1239,TSI fuer Deutsche Bundesbank|,DEUTSCHE-BUNDESBANK-MAGDEBURG-NET
1241,TSI fuer Deutsche Bundesbank|,BUBA-BACKUP-IN-NET
1243,TSI fuer Deutsche Bundesbank|,BUNDESBANK-HV-BERLIN-NET
1245,Bundesverband Kraft-Waerme-Kopplung e.V.|,PROWIB-BERLIN-NET
1246,TSI fuer Deutsche Bundesbank|,DEUTSCHE-BUNDESBANK-KARLSRUHE-NET
1251,TSI fuer Deutsche Bundesbank|,BUNDESBANK-FACHHOCHSCHULE-HACHENBURG-NET
1252,TSI fuer Deutsche Bundesbank|,DEUTSCHE-BUNDESBANK-HAMBURG-NET
1254,Bundeszahnaerztekammer e.V.|,QSC-CUSTOMER-2290907-813063
1255,TSI fuer Deutsche Bundesbank|,E-SHELTER-FRANKFURT-NET3
1256,TSI fuer Deutsche Bundesbank|,BUNDESBANK-BERLIN-NET
1259,Allgemeiner Deutscher Fahrrad-Club Bundesv. Brm. (ADFC) e.V.|,ADFC-BUNDESV-BRM-BERLIN-NET
1267,TSI fuer DuMont Systems GmbH &CO KG|,BUNDESANZEIGER-NET
1276,Bundesnotarkammer|Mohrenstrasse 34|D-10117 Berlin|,BNOTK-NET
1289,Bundesanzeiger Verlag GmbH|,BUNDESANZEIGER-VERLAG-GMBH
1290,"BDEW Bundesverband der Energie-, und Wasserwirtschaft e.V.|Normannenweg 34|D-20537 Hamburg|GERMANY|",BDEW-NET
1291,Bundesfinanzdirektion Nord|,SERVICE-CENTER-ROSTOCK-AUSSENSTELLE-POMMELLEN-NADRENSEE-NET
1293,Kassenaerztliche Bundesvereinigung|,KBV-NET
1298,Bundesfinanzdirektion Nord|,GZDHHNET-NET2
1299,TSI fuer CDU-Bundesgeschaefts- st. Konrad-Adenauer-Haus CDU|,UNION-BETRIEBS-RHEINBACH-NET
1305,Kassenaerztliche Bundesvereinigung|,KBV-NET
1307,Bundesgartenschau Heilbronn 2019 GmbH|Edisonstr. 25|D-74076 Heilbronn|GERMANY|Doku per Script Oktober 2015|,BUNDESGA-NET
1321,Hospitality Services Deutschland Plus GmbH|Bundesallee 36|D- 10717 Berlin|GERMANY|,HOSPITA-NET
1327,TSI fuer Deutsche Bundesbank|,BUNDESBANK-ZENTRALE-FRANKFURT-NET
1331,Bundesverband Deutscher Vermoegensberater e.V.|Wilhelm-Leuschner-Strasse 17-19|60329 Frankfurt|,BDV_NET
1333,TSI fuer Grenzschutzpraesidium Nord|,BUNDESPOLIZEIDIREKTION-BAD-BRAMSTEDT-NET
1341,Bundesverband Deutscher Vermoegensberater e.V.|Wilhelm-Leuschner-Strasse 17-19|60329 Frankfurt|,BDV_NET
1342,Bundesakademie fuer Kirche|Heinrich-Mann-Str. 29|D-13156 Berlin|GERMANY|,BUNDESAK-NET
1343,Gaea e.V. Vereinigung oekologischer Landbau Bundesverband|Brockhausstr. 4|D-1099 Dresden|GERMANY|,GAEA-NET
1360,TSI fuer Deutsche Bundesbank|,BUBA-BACKUP-IN-NET16
1361,TSI fuer Deutsche Bundesbank|,BUBA-BACKUP-IN-NET18
1371,BUNDESZAHNARZTEKAMMER ARBEITSGEMEINSCHAFT DER DEUTSCHEN ZAHNARZTEKAMMERN E.V.|,NET-DE-BUNDESZAHNARZTEKAMMER-ARBEITSGEMEINSCHAFT
1382,Bundesverband Deutscher Versicherungskaufleute e.V|,QSC-CUSTOMER-510985-985490
1384,BDKJ-Bundesstelle e.V. Buero Berlin|,QSC-CUSTOMER-33195-1016626
1385,BDEW Bundesverband der Energie- und Wasserwirtschaft e.V.|,BDEW-BERLIN-NET
1386,Bundesan. f. Geow. u. Rohstoffe (BGR) Geozentrum|,QSC-CUSTOMER-6540148-1017932
1387,Bundesfinanzverwaltung|,QSC-CUSTOMER-2762790-993705
1388,Bundesverband Selbsthilfe Koerperbehinderter e.V.|,QSC-CUSTOMER-6132086-981703
1389,HBL Handball-Bundesliga GmbH|,HL-HBL
1392,Telekom Deutschland GmbH CO Bereich BV|,BUNDESSTADT-HOTSPOT-BONN-NET
1396,Deutscher Bundesverband fuer Logopaedie e.V.|,DEUTSCHER-BUNDESVERBAND-FUER-LOGOPAEDIE-FRECHEN-NET
1399,Bundesfinanzdirektion Nord|,BUNDESFINANZDIREKTION-NORD-ROSTOCK-NET
1400,Bundesfinanzdirektion Nord|,BUNDESFINANZDIREKTION-NORD-HAMBURG-NET
1405,Johanniter-Unfall-Hilfe e.V. Bundesgeschaeftstelle|Jägerstr. 64|D-26121 Oldenburg|GERMANY|,JOHAEV-NET
1407,TSI fuer BDH Bundesverband Rehabilitation e.V.|,BDH-KLINIKEN-BRAUNFELS-NET
1409,FDP-Bundesgeschaeftsstelle|,TEMP-TO-20180107-STAATSTHEATER-STUTTGART-NET
1411,Bundesarbeitgeberverband Chemie e.V.|,BUNDESARBEITGEBERVERBANDCHEMIE-WIESBADEN-NET
1412,Bundesverband der Freien Berufe e.V. BFB|,QSC-CUSTOMER-5355252-1025833
1413,Bundesan. f. Geow. u. Rohstoffe (BGR) Geozentrum|,QSC-CUSTOMER-6540148-1017932
1414,Bundesverband Deutscher Wach-|,QSC-CUSTOMER-33195-1006287
1415,Bundesverein der dt Ernaehrungsindustrie|,BUNDESVEREIN-DER-DT-ERNAEHRUNGSINDUSTRIE-BERLIN-NET
1416,IG BAUEN AGRAR UMWELT BUNDESVORSTAND|,NET-DE-IG-BAUEN-AGRAR-UMWELT-BUNDESVORSTAND
1418,DFL Digital Sports GmbH|http://www.bundesliga.de|,DFL-NET1
1419,DFL Digital Sports GmbH|http://www.bundesliga.de|,DFL-NET1
1422,Bundesverband Deutscher Wach-|,QSC-CUSTOMER-33195-1030547
1423,Bundesverband der Hoergeraete-Industrie e.V.|,QSC-CUSTOMER-6861278-1031042
1424,Bundesverband der Hoergeraete-Industrie e.V.|,QSC-CUSTOMER-6861278-1031042
1425,FDP-Bundesgeschaeftsstelle|,STATION-BERLIN-NET
1426,FDP-Bundesgeschaeftsstelle|,TEMP-TO-20180513-STATION-BERLIN-NET2
1429,Bundesverband Deutscher Fertigbau|,BUNDESVERBAND-DEUTSCHER-FERTIGBAU-BADHONNEF-NET
1430,BVMW - Bundesverband mittelständische Wirtschaft Unternehmerverband Deutschlands e.V.|Potsdamer Straße 7 | Potsdamer Platz|10785 Berlin|,dv-custumer-BVMW
1431,Rodeler LTD|Im Zollhafen 2-4|D-50678 Koeln|,RODELERL-1
1432,HafenRaum|Im Zollhafen 12|D-50678 Koeln|,HAFENRAUM-1
1433,inmation Software GmbH|Zollstockguertel 57|D-50969 Koeln|,INMATION-1
1434,Zero One Logic Ltd|,ZERO-ONE-LOGIC-LTD
1435,Zero One Logic Ltd|,ZERO-ONE-LOGIC-LTD
1436,Zero One Logic Ltd|,ZERO-ONE-LOGIC-LTD
1437,Instinctif Deutschland GmbH|Im Zollhafen 6|D-50678 Koeln|,INSTINCTIF-1
1438,Instinctif Deutschland GmbH|Im Zollhafen 6|D-50678 Koeln|,INSTINCTIF-1
1439,GDF SUEZ Energie Deutschland AG|,KRAFTWERK-ZOLLING-ZOLLING-NET
1440,Zollenspieker Faehrhaus|,ZOLLENSPIEKERFAEHRHAUS-HAMBURG-NET
1441,MEYTEC GmbH Informationssysteme|,ZOLLERNALB-KLINIKUM-ALBSTADT-NET
1442,Oberfinanzdirektion Koblenz|,ZOLLAMT-BADEN-BADEN-FLUGHAFEN-RHEINMUENSTER-NET
1443,Kerberos Compliance- Managementsysteme GmbH|Im Zollhafen 24|D-50678 Koeln|,KERBEROS-1
1444,Stiftung Deutsches Sport & Olympia Museum|Im Zollhafen 1|D-50678 Koeln|,SDSUOMUSEUM-1
1445,GDF SUEZ Energie Deutschland AG|,GDF-SUEZ-ENERGIE-DEUTSCHLAND-ZOLLING-NET
1446,Zollikofer GmbH & Co. KG|,ZOLLIKOFER-LEUTKIRCH-NET
1447,SW Zoll-Beratung GmbH|,SW-ZOLL-BERATUNG-WEES-NET
1449,TSI fuer Merckle GmbH|,ZOLLERN-SIGMARINGENDORF-NET
1451,Gracion Europe GmbH|Im Zollhafen 18|D-50678 Koeln|,GRACION-1
1458,Rheinfaktor Agentur für Kommunikation GmbH|Zollstockguertel 57|D-50969 Koeln|,RHEINFAKTOR-1
1459,ZOLL Medical Deutschland GmbH|,ZOLL-MEDICAL-DEUTSCHLAND-GMBH
1460,Wasser- u. Schiffahrtsamt Magdeburg|,EHEMALIGES-ZOLLGEBAEUDE-BAD-SCHANDAU-NET
1462,AZ Aussenwirtschafts-u. Zoll -Beratungsgesellschaft mbH|,AZ-AUSSENWIRTSCHAFT-ZOLL-BERATUNGSGES-ALBSTADT-NET
1465,Roedl & Partner GmbH|Im Zollhafen 18|D-50678 Koeln|,RDLPART-1
1466,Bahnbetriebe Blumberg GmbH & Co.KG|,BAHNHOF-ZOLLHAUS-BLUMBERG-NET
1471,Arbeiterwohlfahrt Bezirksverband Baden e.V.|,AWO-SENIORENZENTRUM-AM-ZOLLHOF-FREIBURG-NET
1472,Borris Hennecke Kneisel PartmbB Rechtsanwaelte|Im Zollhafen 6|D-50678 Koeln|,BORRISHE-1
1474,Markilux Showroom Koeln|Im Zollhafen 18|D-50678 Koeln|,MARKILUX-1
1476,ConVista Consulting AG|Im Zollhafen 15-17|D-50678 Koeln|,CONVISTA-1
1477,Sebastian Zoller|,SEBASTIAN-ZOLLER
1478,rhein-kontor GmbH|Im Zollhafen 24|D-50678 Koeln|,RHEIN-KO-1
1479,Oberfinanzdirektion Koblenz|,ZOLLAMT-POTSDAM-NET
1480,Formitas Gesellschaft fuer luK-Technologie mbH|Im Zollhafen 6|D-50678 Koeln|,FORMITAS-1
1481,NAVAX GmbH|Im Zollhafen 24|D-50678 Koeln|,NAVAXGMB-1
1485,moneymeets GmbH|Im Zollhafen 22|D-50678 Koeln|,MONEYMEE-1
1486,Lebenshilfe fuer Behinderte Zollernalb|,LEBENSHILFEFUERBEHINDERTEZOLLERNALB-ALBSTADT-NET
1487,Oberfinanzdirektion Koblenz|,ZOLLAMT-FREIBURG-IM-BREISGAU-NET
1488,Oberfinanzdirektion Koblenz|,ZOLLAMT-DRESDEN-NET
1491,BFS Betriebs- und Finanz- wirtschaftlicher Service GmbH|Im Zollhafen 5|D-50678 Koeln|,BFSBETRI-1
1492,Stiftung Deutsches Sport & Olympia Museum|Im Zollhafen 1|50678 Koeln|,STIFTUNG-1
1493,Max Bahr Holzhandlung GmbH & Co KG  Zentrale|Wandsbeker Zollstr. 91|D-22041 Hamburg|,MAXBAHR-HAMBURG-NET
1494,Max Bahr Holzhandlung GmbH & Co KG  Zentrale|Wandsbeker Zollstr. 91|D-22041 Hamburg|,MAXBAHR-HAMBURG-NET
1495,EC Harris|Zollhof 13|D-40221 Duesseldorf|,EC-HARRIS-NET
1496,MeridianSpa GmbH|Wandsbeker Zollstr 87-89|22041|Hamburg|,MERIDIANSPA-HAMBURG-NET
1498,BoSt intercative GmbH|Zollstockguertel 5|D-50969 Koeln|Germany|,BOST-LAN
1499,Ernst Binder GmbH|Zollamtstr. 7|D-67663 Kaiserslautern|Germany|,EBINDER-LAN1
1500,fa. castenow &amp; partner|Neuer Zollhof 3|40221 Duesseldorf|,CASTENOW-NET
1501,Electronic Arts GmbH|Im Zollhafen 15- 17|50678 Koeln|,VT-CUSTOMER-S-6504855
1502,Anker Teppichboden Gebr. Schoeller|Zollhausstr. 112|D-52353 Dueren|GERMANY|,ANKER-NET
1503,ComS.I.T.|,COMSIT-ZOLLING-NET
1504,M.I.T e-Solutions GmbH|Am Zollstock 1|D-61381 Friedrichsdorf|GERMANY|,MITIB-NET
1505,Lebenshilfe fuer Behinderte Zollernalb|,LEBENSHILFEFUERBEHINDERTEZOLLERNALB-ALBSTADT-NET
1506,SW Zoll-Beratung  GmbH|Am Lagerplatz 8|D-93437 Furth|,ENX-SWZOLLBERATUNG
1507,Zollcon GmbH|Hans-Vogel-Str. 35|D-90765 Nuernberg|,ZOLLCON-NET
1508,ZOBA Zollberatung und -abwicklung GmbH|Am Brill 1-3|D-28195 Bremen|,ZOBA-BREMEN-NET
1509,Ab Ovo Deutschland GmbH|Zollstockguertel 57|D-50969 Koeln|GERMANY|,AODG-NET
1510,OMS Vermarktungs GmbH & Co KG|Zollhof 4|D-40221 Duesseldorf|GERMANY|,OMSV-NET
1511,Intelicom GmbH|Neuer Zollhof 3|40213 Duesseldorf|,INTELICOM
1512,Intelicom GmbH|Neuer Zollhof 3|40213 Duesseldorf|,INTELICOM
1513,Intelicom GmbH|Neuer Zollhof 3|40213 Duesseldorf|,INTELICOM
1514,Intelicom GmbH|Neuer Zollhof 3|40213 Duesseldorf|,INTELICOM
1515,Intelicom GmbH|Neuer Zollhof 3|40213 Duesseldorf|,INTELICOM
1516,Intelicom GmbH|Neuer Zollhof 3|40213 Duesseldorf|,INTELICOM
1517,Intelicom GmbH|Neuer Zollhof 3|40213 Duesseldorf|,INTELICOM
1518,Intelicom GmbH|Neuer Zollhof 3|40213 Duesseldorf|,INTELICOM
1519,Intelicom GmbH|Neuer Zollhof 3|40213 Duesseldorf|,INTELICOM
1520,Intelicom GmbH|Neuer Zollhof 3|40213 Duesseldorf|,INTELICOM
1521,Intelicom GmbH|Neuer Zollhof 3|40213 Duesseldorf|,INTELICOM
1526,Intelicom GmbH|Neuer Zollhof 3|40213 Duesseldorf|,INTELICOM
1527,Intelicom GmbH|Neuer Zollhof 3|40213 Duesseldorf|,INTELICOM
1529,Intelicom GmbH|Neuer Zollhof 3|40213 Duesseldorf|,INTELICOM
1533,Vasata Schroeder Werbeagentur GmbH Buero Duesseldorf|Zollhof 11|40221|Duesseldorf|,VASATA-DUS2-NET
1534,IG-Douane Zoll90|,IG-DOUANE-ZOLL90-WEIL-AM-RHEIN-NET
1535,C. Gielisch GmbH|Neuer Zollhof 1|40221 Duesseldorf|Germany|,GIELISCH-NET
1537,Max Bahr Holzhandlung GmbH & Co KG Zentrale|Wandsbeker Zollstrasse 91|22041|Hamburg|,MAXBAHR-HAMBURG-NET
1538,Unternehmensgruppe Theo Mueller GmbH & Co. KG|Zollerstrasse 7|86850 Fischach|FON: +49 8236 999 0|,TheoMueller_NET
1539,Unternehmensgruppe Theo Mueller GmbH & Co. KG|Zollerstrasse 7|86850 Fischach|FON: +49 8236 999 0|,TheoMueller_NET
1543,Zollner Elektronik AG|Industriestr. 2-4|D-93499 Zandt|,ENX-ZOLLNER
1544,Research & Consulting GmbH|Zollhof 13|D-40221 Duesseldorf|GERMANY|,RESEARCH-NET
1545,Meridian Leisure Group|Wandsbeker Zollstr. 87-89|D-22041 Hamburg|,MERIDIAN3-HAMBURG-NET
1546,Zoller & Froehlich GmbH|,ZOLLER-U-FROEH-WANGEN-NET
1547,ecoX Software und Systeme GmbH|Alter Zollweg 94|D-22147 Hamburg|,ECOX-HAMBURG-NET
1548,Meridian Leisure Group|Wandsbeker Zollstr. 87-89|D-22041 Hamburg|,MERIDIAN-HAMBURG-NET
1549,Meridian Leisure Group|Wandsbeker Zollstr. 87-89|D-22041 Hamburg|,MERIDIAN2-HAMBURG-NET
1550,net mobile AG|Zollhof 17|40221 Duesseldorf|,VT-CUSTOMER-G-0104863
1551,XOVI GmbH|im Zollhafen 18|50678 Köln|,XOVI-NET
1552,XOVI GmbH|im Zollhafen 18|50678 Köln|,XOVI-NET
1553,XOVI GmbH|im Zollhafen 18|50678 Köln|,XOVI-NET
1554,XOVI GmbH|im Zollhafen 18|50678 Köln|,XOVI-NET
1555,XOVI GmbH|im Zollhafen 18|50678 Köln|,XOVI-NET
1556,XOVI GmbH|im Zollhafen 18|50678 Köln|,XOVI-NET
1557,XOVI GmbH|im Zollhafen 18|50678 Köln|,XOVI-NET
1558,Excellent Business Centers GmbH|Im Zollhafen 2|D-50678 Koeln|,ExcellentBusinessCentersGmbH-DCA
1564,ComS.I.T. AG|,COMSIT-ZOLLING
1569,Import Partner Intern. Zollspedition GmbH|,IMPORT-PARTNER-GMBH-GRENZUEBERGANG-FRANKFURT-ODER-NET
1570,Import Partner Intern. Zollspedition GmbH|,IMPORT-PARTNER-HAMBURG-NET
1571,WZC Wagenladungs und Zolldeclarations|Comptoir Riemann GmbH and Co. KG|,NET-DE-WZC-WAGENLADUNGS-UND-ZOLLDECLARATIONS
1572,Bene GmbH|Zollhof 4|D-40221 Düsseldorf|Germany|,BENGMB-NET
1573,TSI fuer Landwirtschaftl. Versicherungsverein Muenster|,LVM-HOMEOFFICE-EUGEN-ZOLLER-BAD-UEBERKINGEN-NET
1574,AZ Aussenwirtschafts-u. Zoll -Beratungsgesellschaft mbH|,AZ-AUSSENWIRTSCHAFT-ZOLL-BERATUNGSGES-ALBSTADT-NET
1575,E. Zoller GmbH & Co. KG|Gottlieb-Daimler-Str. 19|D-74385 Pleidelsheim|GERMANY|,ZOLLER-NET
1581,Tarifcheck24 GmbH|Zollstr. 11b|21465 Wentorf bei Hamburg|,TARIFCHECK-NET
1582,ConVista Consulting AG|Im Zollhafen 15-17|D-50678 Koeln|,CONVISTA-1
1583,SPECTRO software  GmbH|Floez-Zollverein-Str. 5|D-59368 Werne|Germany|,spectro-NET
1584,net mobile AG|Zollhof 17|40221 Duesseldorf|,VT-CUSTOMER-G-0104863
1585,Janich & Klass Computer GmbH|Zum Alten Zollhaus 24|D-42281 Wuppertal|,Janich-Klass-Net
1587,ZOLLERN GmbH & Co. KG|,ZOLLERN
1591,Zollernalb Klinikum gGmbH|Tuebinger Strasse 20 /3|72336 Balingen|,VT-CUSTOMER-S-8722176
1592,almoe Medienagentur GmbH|Zollstockguertel 67|50969 Koeln|,DE-HE-ALMOE
1593,C. Gielisch GmbH|Neuer Zollhof 1|40221 Duesseldorf|Germany|,GIELISCH-NET
1594,Dr. W. Andres & J. Schneider|Neuer Zollhof 3|40221 Duesseldorf|Germany|,WAJS-NET
1595,Krups Consultants GmbH|Neuer Zollhof 3|40221 Duesseldorf|,KRUPS-NET
1596,WIRKSTOFFGRUPPE GmbH|Am Zollstock 11|57439 Attendorn|,DE-HE-WIRKSTOFF
1597,one4one Services GmbH|Neuer Zollhof 3|40221 Duesseldorf|,VT-CUSTOMER-G-0106898
1598,Electronic Arts GmbH|Im Zollhafen 17 bis 19|50678 Koeln|,VT-CUSTOMER-W-6684829
1599,one4one Services GmbH|Neuer Zollhof 3|40221 Duesseldorf|,VT-CUSTOMER-G-0106898
1600,ComNet GmbH|Zollstockguertel 57|D-50969 Koeln|GERMANY|,COMNETGM-NET
1601,ComS.I.T. AG|,COMS-IT--ZOLLING-NET
1602,ZOLLNER AG-ZANDT-NET-02|,ZOLLNER-ELEKTRONIK-ZANDT-NET
1605,XOVI GmbH|im Zollhafen 18|50678 Köln|,XOVI-NET
1606,XOVI GmbH|im Zollhafen 18|50678 Köln|,XOVI-NET
1607,XOVI GmbH|im Zollhafen 18|50678 Köln|,XOVI-NET
1608,XOVI GmbH|im Zollhafen 18|50678 Köln|,XOVI-NET
1610,XOVI GmbH|im Zollhafen 18|50678 Köln|,XOVI-NET
1611,m-p flash Zolldeklarations- &Airportservice head office B|,M-P-FLASH-HEAD-OFFICE-B-SCHOENEFELD-NET
1612,Zollfahndungsamt Stuttgart|,ZOLLFAHNDUNGSAMT-STUTTGART-KARLSRUHE-NET
1613,MEYTEC GmbH Informationssysteme|,ZOLLERNALB-KLINIKUM-ALBSTADT-NET
1614,Oberfinanzdirektion Koblenz|,ZOLLAMT-POTSDAM-NET
1615,Oberfinanzdirektion Koblenz|,ZOLLAMT-BADEN-BADEN-FLUGHAFEN-RHEINMUENSTER-NET
1616,Oberfinanzdirektion Koblenz|,ZOLLFAHNDUNGSAMT-FRANKFURT-NET
1617,Zollenspieker Faehrhaus GmbH|,QSC-CUSTOMER-5942832-665876
1618,Innofact Aktiengesellschaft|Neuer Zollhof 3|40221 Duesseldorf|,Innofact_NET
1619,Innofact Aktiengesellschaft|Neuer Zollhof 3|40221 Duesseldorf|,Innofact_NET
1620,Wirsing Hass Zoller Rechtsanwaelte mbB|,QSC-CUSTOMER-6798863-1026795
1621,"Lk Reutlingen, Zollernalbkreis Vlan 810|",NeckarCom1
1622,TSI fuer Merckle GmbH|,ZOLLERN-SIGMARINGENDORF-NET2
1623,Zollfahndungsamt Hannover|,ZOLLFAHNDUNGSAMT-HANNOVER-DS-MAGDEBURG-NET
1624,Zollikofer GmbH & Co. KG|,ZOLLIKOFER-LEUTKIRCH-NET
1625,Zollenspieker Faehrhaus|,ZOLLENSPIEKERFAEHRHAUS-HAMBURG-NET
1627,GDF SUEZ Energie Deutschland AG|,KRAFTWERK-ZOLLING-ZOLLING-NET
1628,GDF SUEZ Energie Deutschland AG|,KRAFTWERK-ZOLLING-HALLBERGMOOS-NET
1629,GDF SUEZ Energie Deutschland AG|,KRAFTWERK-ZOLLING-FREISING-NET
1630,GDF SUEZ Energie Deutschland AG|,KRAFTWERK-ZOLLING-FREISING-NET2
1631,Marland GmbH|Zollenreuter Str. 6|D-88326 Aulendorf|Germany|,MARLAND-NET
1632,Zollernalb Klinikum Accessnetwork|,DE-ACCESS-ZOLLERNALB-NET
1633,Architektenkammer NRW|Zollhof 1|D-40221 Duesseldorf|GERMANY|,AKNRW-NET
1634,Versicherungsbuero Zollner|,ratzin-1-haibac
1635,Zollikofer GmbH & Co. KG|,ZOLLIKOFER-KEHL-NET
1637,Marken-Getraenke Grundke & Zollweger UG & Co.KG.|Alte Ziegelei 31|D- 03099 Kolkwitz OT Haehnchen|,Getraenke_Grundke-LAN
1639,"IMPORT PARTNER Internationale Zollspedition GmbH|Ratzeburg, Germany|",IMPORT-PARTNER-NET
1640,"Eberhard-Karls-Universitaet|Tuebingen, Germany|",Freudenstadt-Zollernblick
1650,XOVI GmbH|im Zollhafen 18|50678 Köln|,XOVI-NET
1663,Bildagentur Zolles|,NET-DE-BILDAGENTUR-ZOLLES
1665,Tarifcheck 24 AG|Zollstr. 11b|21465 Wentorf|,TARIFCHECK24-NET
1666,plug and work GmbH|,PLUGANDWORK-NEUER-ZOLLHOF-BC-NET
1667,Oberfinanzdirektion Koblenz|,ZOLLFAHNDUNGSAMT-FRANKFURT-NET
1669,plug and work GmbH|,PLUGANDWORK-NEUER-ZOLLHOF-BC-DUESSELDORF-NET
1671,Wirsing Hass Zoller Rechtsanwaelte mbB|,QSC-CUSTOMER-6798863-995436
1672,Wirsing Hass Zoller Rechtsanwaelte mbB|,QSC-CUSTOMER-6798863-995436
1673,ZOLL Medical Deutschland GmbH|,ZOLL-MEDICAL-KOELN-NET
1674,ZOLL Medical Deutschland GmbH|,ZOLL-MEDICAL-KOELN-NET
1675,Oberfinanzdirektion Koblenz|,ZOLLAMT-NUERNBERG-NET
1676,Oberfinanzdirektion Koblenz|,ZOLLAMT-FREIBURG-IM-BREISGAU-NET
1678,Oberfinanzdirektion Koblenz|,ZOLLAMT-OFFENBACH-AM-MAIN-NET
1679,Oberfinanzdirektion Koblenz|,ZOLLAMT-DRESDEN-NET
1680,Klauke GmbH & Co. KG|Zollhausstr.40|58640 Iserlohn|GERMANY|,KLAUKE-NET
1681,zollernalb-data GmbH|Wasserwiesen 37|D-72336 Balingen|Germany|,PPP-STATIC-NET
1690,zollernalb-data GmbH|Wasserwiesen 37|D-72336 Balingen|Germany|,PPP-POOL2-NET
1692,zollernalb-data GmbH|Wasserwiesen 37|D-72336 Balingen|Germany|,DOCSIS-DHCP-POOL-NET
1693,zollernalb-data GmbH|Wasserwiesen 37|D-72336 Balingen|Germany|,DOCSIS-DHCP-POOL-NET
1697,ASK Industries GmbH|,ZOLLNER-ELEKTRONIK-ZANDT-NET
2696,"Julius-Kühn-Institut, 76833 Siebeldingen|",DE-JULIUSKUEHN-NET1
2982,Hosting|,DSU-NET
2983,,BA-PI-V6-NET
2984,,BA-PI-NET
2985,,DE-DOLPHINIT-20160223
2986,MV|,DE-GOV-MV-20130221
2988,,KBV-NET
2989,,DE-KBV-20090313
2990,,NET-DE-BNETZA
3055,,DE-TNEG-20050602
3056,XOVI GmbH|im Zollhafen 18|50678 Köln|,XOVI-NET
3070,,BPA-6NET
3071,,BPA-NET
3072,OVH Static IP|,OVH_70832074
3073,OVH Static IP|,OVH_71421415
3075,ITZBund|,ITZBund-DC3
3076,ITZBund|,ITZBund-DC1
3077,ITZBund|,ITZBund-DC2
3081,"Kussmaulstr. 17|W-7500 Karlsruhe, FRG|",BAW
3084,,PTB-IB-LAN
3085,,PTBBS
3089,,PUBLIC_IPV6_NETWORKS_MUELLER_SERVICE_GMBH
3090,Dissen|,HOHMAN-NET
3091,,PUBLIC-NETWORKS-MUELLER-SERVICE-GMBH
3098,,DE-METRIDOCOM-20160812
3099,,DE-METRIDOCOM-20160812
3110,,NET-GAISER-1
3114,,IVU-TRAFFIC-TECHNOLOGIES-AG
3125,,FARN
3127,NWL|,DE-GOV-NWL-20150323
3128,Hauptstandort|,SCHBUND-NET
3130,Kumeno.de - Germany - G1 Germany|,DE-KUMENO-01
3131,Ahmadiyya Muslim Jamaat Deutschland Kd?R|,DE-Ahmadiyya-01
3132,Failover Ips|,OVH_143333817
3134,,COM-CON-AG-NET
3137,,BPOLNET
3139,DOI Zentrale Anschluesse|,DOI-ZSP-PKI
3140,DOI|,DE-GOV-DOI-20111123
3143,NdBv6 BMVI|,DE-GOV-NdBv6-20151310
3144,NdBv6-BMWI|,NdBv6-BMWI
3145,"NdBv6-BMUB, BMBF, BMZ|",DE-GOV-NdBv6-20151310
3146,NdBv6-BMF|,DE-GOV-NdBv6-20151310
3147,"NdBv6 BMJV, BMS, BMFsJ, BMG|",DE-GOV-NdBv6-20151310
3148,Ndbv6 BKAMT|,DE-GOV-NdBv6-20151310
3149,NdBv6-BMEL|,DE-GOV-NdBv6-20151310
3150,NdBv6 BMI|,DE-GOV-NdBv6-20151007
